"question","respondent_id","response","theme"
"Why are you cancelling?","1779533","seen what I like already","null"
"Why are you cancelling?","1779397","You keep canceling really good, popular series!","null"
"Why are you cancelling?","1779811","Getting through cell provider","null"
"Why are you cancelling?","1779968","Budget cuts","Reducing expenses / financial constraints"
"Why are you cancelling?","1779967","Cannot have multiple users","Object to sharing restrictions"
"Why are you cancelling?","1779966","cost has risen too much too quickly","Constant price rise / increase"
"Why are you cancelling?","1779965","disappointed with the sub subscription news","New policy generally"
"Why are you cancelling?","1779964","Don't want it for now anymore","Don't use it enough / anymore"
"Why are you cancelling?","1779963","Don�t need it","Don't use it enough / anymore"
"Why are you cancelling?","1779962","duplicate subscriptions","Consolidating / shifting accounts"
"Why are you cancelling?","1779961","Financial Difficulty","Reducing expenses / financial constraints"
"Why are you cancelling?","1779960","Getting old","null"
"Why are you cancelling?","1779959","I am connected through my service provider","Consolidating / shifting accounts"
"Why are you cancelling?","1779958","I just moved use it, as you can see by my time in the last many months","Moving / changing locations"
"Why are you cancelling?","1779957","I need to change country of billing","Making changes to payment / billing"
"Why are you cancelling?","1779957","I need to change country of billing","Moving / changing locations"
"Why are you cancelling?","1779956","I need to cut expenses","Reducing expenses / financial constraints"
"Why are you cancelling?","1779955","I wont support your nonesence.","New policy generally"
"Why are you cancelling?","1779954","I'm moving but will rejoin once I get settled.","Moving / changing locations"
"Why are you cancelling?","1779953","Joint subscription with my husband","Consolidating / shifting accounts"
"Why are you cancelling?","1779952","Just take a break","Temporary break from platform"
"Why are you cancelling?","1779951","Keep raising your price","Constant price rise / increase"
"Why are you cancelling?","1779950","moved to the US - will start again there","Moving / changing locations"
"Why are you cancelling?","1779949","Moved to UK","Moving / changing locations"
"Why are you cancelling?","1779948","moving in with my bf. He has an subscription already.","Consolidating / shifting accounts"
"Why are you cancelling?","1779948","moving in with my bf. He has an subscription already.","Moving / changing locations"
"Why are you cancelling?","1779947","Moving to new location in Ontario","Moving / changing locations"
"Why are you cancelling?","1779946","my fiance is moving in and we are consolidating subscriptions","Consolidating / shifting accounts"
"Why are you cancelling?","1779945","Not using it anymore","Don't use it enough / anymore"
"Why are you cancelling?","1779944","Personal issues with subscription between users","Object to sharing restrictions"
"Why are you cancelling?","1779943","Price gouging","Too expensive"
"Why are you cancelling?","1779942","Prices keep going upward it is now too much expensive for me unfortunately.","Too expensive"
"Why are you cancelling?","1779942","Prices keep going upward it is now too much expensive for me unfortunately.","Constant price rise / increase"
"Why are you cancelling?","1779941","sick of being ripped off LOL","Too expensive"
"Why are you cancelling?","1779940","Started Charging Taxes","null"
"Why are you cancelling?","1779939","Summer activities = better health","null"
"Why are you cancelling?","1779938","taking a break will be back","Temporary break from platform"
"Why are you cancelling?","1779937","The price hikes are getting out of hand for the lack of selection","Constant price rise / increase"
"Why are you cancelling?","1779936","This is temporary","Temporary break from platform"
"Why are you cancelling?","1779935","To expensive compared to others so switching","Prefer competition"
"Why are you cancelling?","1779935","To expensive compared to others so switching","Too expensive"
"Why are you cancelling?","1779934","Trying to cut back","Reducing expenses / financial constraints"
"Why are you cancelling?","1779933","user passed away","Account owner passed away"
"Why are you cancelling?","1779932","Will return","Temporary break from platform"
"Why are you cancelling?","1779931","With frequent price increases, no longer a good value","Constant price rise / increase"
"Why are you cancelling?","1779930","You keep upping prices by huge amounts","Constant price rise / increase"
"Why are you cancelling?","1779929","2 price increases in 4 months has pushed me over the edge","Constant price rise / increase"
"Why are you cancelling?","1779928","3 months out of town","Temporary break from platform"
"Why are you cancelling?","1779927","3rd price increase","Constant price rise / increase"
"Why are you cancelling?","1779926","A 20% increase is something I'm not willing to support. Options are not great for the price.","Constant price rise / increase"
"Why are you cancelling?","1779925","subscription compromised","Account gets hacked"
"Why are you cancelling?","1779924","subscription hacked","Account gets hacked"
"Why are you cancelling?","1779923","subscription hacked too hard to fix","Account gets hacked"
"Why are you cancelling?","1779922","subscription owner passed away","Account owner passed away"
"Why are you cancelling?","1779921","subscription sharing crackdown","Object to sharing restrictions"
"Why are you cancelling?","1779920","Added charges and fees","Object to additional charges"
"Why are you cancelling?","1779919","Others offer better services for lesser prices","Prefer competition"
"Why are you cancelling?","1779918","back to piracy with these prices.","Corporate greed / taking advantage of customers"
"Why are you cancelling?","1779917","Bad economy","Reducing expenses / financial constraints"
"Why are you cancelling?","1779916","Be back on payday","Temporary break from platform"
"Why are you cancelling?","1779915","Because I can�t share with my grandkids out of stay without you charging me extra.","Object to family/household restriction"
"Why are you cancelling?","1779915","Because I can�t share with my grandkids out of stay without you charging me extra.","Object to sharing restrictions"
"Why are you cancelling?","1779914","Because I was not allowed to pay my bill after my credit card was compromised. I wanted to have my bill charged to my bank subscription automatically but that is not an option I was told. So, I�ll just do without it.","Problems with billing"
"Why are you cancelling?","1779913","Because prices are raising without any differences or improvements","Constant price rise / increase"
"Why are you cancelling?","1779912","Because y�all keep stealing money from me and I haven�t been on in years","Corporate greed / taking advantage of customers"
"Why are you cancelling?","1779911","Because you guys want to stop people from sharing something that they pay for. Just stop.","Object to sharing restrictions"
"Why are you cancelling?","1779910","Behind on finances","Reducing expenses / financial constraints"
"Why are you cancelling?","1779909","Billing","Problems with billing"
"Why are you cancelling?","1779908","Billing trouble","Problems with billing"
"Why are you cancelling?","1779907","Bills","Reducing expenses / financial constraints"
"Why are you cancelling?","1779906","Boyfriend has subscription","Consolidating / shifting accounts"
"Why are you cancelling?","1779905","Boyfriends subscription","Consolidating / shifting accounts"
"Why are you cancelling?","1779904","Budget","Reducing expenses / financial constraints"
"Why are you cancelling?","1779903","Budget :(","Reducing expenses / financial constraints"
"Why are you cancelling?","1779902","budget cutbacks","Reducing expenses / financial constraints"
"Why are you cancelling?","1779901","budget cuts","Reducing expenses / financial constraints"
"Why are you cancelling?","1779900","Budget issues","Reducing expenses / financial constraints"
"Why are you cancelling?","1779899","Budget Tightening, Will Return AgainLater","Temporary break from platform"
"Why are you cancelling?","1779899","Budget Tightening, Will Return AgainLater","Reducing expenses / financial constraints"
"Why are you cancelling?","1779898","Budgeting","Reducing expenses / financial constraints"
"Why are you cancelling?","1779897","Budgeting","Reducing expenses / financial constraints"
"Why are you cancelling?","1779896","Business subscription is taking over","Consolidating / shifting accounts"
"Why are you cancelling?","1779895","Can't afford it at this time.","Reducing expenses / financial constraints"
"Why are you cancelling?","1779894","Can't afford it right now","Reducing expenses / financial constraints"
"Why are you cancelling?","1779893","Can't afford right now.","Reducing expenses / financial constraints"
"Why are you cancelling?","1779892","can't justify the charge increase","Constant price rise / increase"
"Why are you cancelling?","1779891","can�t afford","Reducing expenses / financial constraints"
"Why are you cancelling?","1779890","Can�t afford it","Reducing expenses / financial constraints"
"Why are you cancelling?","1779889","Can�t afford it anymore thanks to inflation caused by president Biden","Reducing expenses / financial constraints"
"Why are you cancelling?","1779888","Can�t afford right now","Reducing expenses / financial constraints"
"Why are you cancelling?","1779887","Can�t pay this month","Reducing expenses / financial constraints"
"Why are you cancelling?","1779886","Cannot afford","Reducing expenses / financial constraints"
"Why are you cancelling?","1779885","Cannot afford it any longer","Reducing expenses / financial constraints"
"Why are you cancelling?","1779884","Cannot get multiple billings stopped","Problems with billing"
"Why are you cancelling?","1779883","cannot pay","Reducing expenses / financial constraints"
"Why are you cancelling?","1779882","Cant charge that for what you got","Too expensive"
"Why are you cancelling?","1779881","Change of price","Reducing expenses / financial constraints"
"Why are you cancelling?","1779880","Change payment date.","Making changes to payment / billing"
"Why are you cancelling?","1779879","Change to new country","Moving / changing locations"
"Why are you cancelling?","1779878","Changing subscription","Consolidating / shifting accounts"
"Why are you cancelling?","1779877","changing bank will resume when thats done","Temporary break from platform"
"Why are you cancelling?","1779876","changing billing date","Making changes to payment / billing"
"Why are you cancelling?","1779875","charging for sharing subscriptions","Object to sharing restrictions"
"Why are you cancelling?","1779874","Charging me for sharing subscriptions","Object to sharing restrictions"
"Why are you cancelling?","1779873","combine households. Only need one subscription.","Consolidating / shifting accounts"
"Why are you cancelling?","1779872","combined with fiance","Consolidating / shifting accounts"
"Why are you cancelling?","1779871","consolidating subscriptions after getting got married","Consolidating / shifting accounts"
"Why are you cancelling?","1779870","Constant price increases","Constant price rise / increase"
"Why are you cancelling?","1779869","constant price increases","Constant price rise / increase"
"Why are you cancelling?","1779868","Constant price increases.","Constant price rise / increase"
"Why are you cancelling?","1779867","constantly raising monthly fees","Constant price rise / increase"
"Why are you cancelling?","1779866","Continously raising of prices and restriction on services","Constant price rise / increase"
"Why are you cancelling?","1779865","Continual Price Increases","Constant price rise / increase"
"Why are you cancelling?","1779864","Continual price increases","Constant price rise / increase"
"Why are you cancelling?","1779863","Continually increasing Price point while delivering little new value.","Constant price rise / increase"
"Why are you cancelling?","1779862","Continuing price increases","Constant price rise / increase"
"Why are you cancelling?","1779861","Continuous price increases","Constant price rise / increase"
"Why are you cancelling?","1779860","cost keeps going up","Constant price rise / increase"
"Why are you cancelling?","1779859","Cost way tooo much","Too expensive"
"Why are you cancelling?","1779858","Cost went up and quality went down.","Constant price rise / increase"
"Why are you cancelling?","1779857","Costs","Too expensive"
"Why are you cancelling?","1779856","Costs keep rising","Constant price rise / increase"
"Why are you cancelling?","1779855","Covid has me broke","Reducing expenses / financial constraints"
"Why are you cancelling?","1779854","Currently reside with family","Consolidating / shifting accounts"
"Why are you cancelling?","1779853","Cutting costs","Reducing expenses / financial constraints"
"Why are you cancelling?","1779852","Cutting out unnecessary expenses","Reducing expenses / financial constraints"
"Why are you cancelling?","1779851","Cutting spending","Reducing expenses / financial constraints"
"Why are you cancelling?","1779850","Death of account holder","Account owner passed away"
"Why are you cancelling?","1779849","Death in Family.","Account owner passed away"
"Why are you cancelling?","1779848","DEATH OF SPOUSE","Account owner passed away"
"Why are you cancelling?","1779847","Divorce","Consolidating / shifting accounts"
"Why are you cancelling?","1779846","divorce - I will be back on my own subscription","Consolidating / shifting accounts"
"Why are you cancelling?","1779772","I got married and my husband and I don't need two memberships","Consolidating / shifting accounts"
"Why are you cancelling?","1779771","I had 2 subscriptions set up.","Consolidating / shifting accounts"
"Why are you cancelling?","1779770","I have amercian subscription but live in Poland","Moving / changing locations"
"Why are you cancelling?","1779769","I have another subscription","Consolidating / shifting accounts"
"Why are you cancelling?","1779768","I have high medical bills.","Reducing expenses / financial constraints"
"Why are you cancelling?","1779767","I have to cut back due to high gas prices","Reducing expenses / financial constraints"
"Why are you cancelling?","1779766","I have too many options now.","null"
"Why are you cancelling?","1779765","I have two subscriptions","Consolidating / shifting accounts"
"Why are you cancelling?","1779764","I left the subscription on as a courtesy for my wife. Going through divorce now.","Consolidating / shifting accounts"
"Why are you cancelling?","1779763","I live in two different addresses and I won't be able to use my subscription on both","Object to family/household restriction"
"Why are you cancelling?","1779762","i might be back. taking a break","Temporary break from platform"
"Why are you cancelling?","1779761","I moved in with my son who is a subscriber","Consolidating / shifting accounts"
"Why are you cancelling?","1779760","I moved to a different country and want to be changed the currency of my current location","Moving / changing locations"
"Why are you cancelling?","1779759","I need to save money and don�t use it as much as other services","Don't use it enough / anymore"
"Why are you cancelling?","1779758","I never use it","Don't use it enough / anymore"
"Why are you cancelling?","1779757","I prefer other platforms","Prefer competition"
"Why are you cancelling?","1779756","I will be back","Temporary break from platform"
"Why are you cancelling?","1779755","I will be back","Temporary break from platform"
"Why are you cancelling?","1779754","I will be back, need to move payment to end of month","Making changes to payment / billing"
"Why are you cancelling?","1779754","I will be back, need to move payment to end of month","Temporary break from platform"
"Why are you cancelling?","1779753","I will be back.","Temporary break from platform"
"Why are you cancelling?","1779752","I will cancel each year for 2 months to offset your rate increasses","Constant price rise / increase"
"Why are you cancelling?","1779751","I won't pay extra for sharing my subscription with MY FAMILY","Object to family/household restriction"
"Why are you cancelling?","1779751","I won't pay extra for sharing my subscription with MY FAMILY","Object to additional charges"
"Why are you cancelling?","1779750","I'd prefer to pay yearly.","null"
"Why are you cancelling?","1779749","I'm broke! :)","Reducing expenses / financial constraints"
"Why are you cancelling?","1779748","I'm broke. I'll be back when I can be","Reducing expenses / financial constraints"
"Why are you cancelling?","1779747","I'm having some financial issues.","Reducing expenses / financial constraints"
"Why are you cancelling?","1779746","I'm just trying to save some money","Reducing expenses / financial constraints"
"Why are you cancelling?","1779745","I'm not paying a higher price.","Too expensive"
"Why are you cancelling?","1779744","i'm tired of the price increases","Constant price rise / increase"
"Why are you cancelling?","1779743","I�ll be back on my next payday","Temporary break from platform"
"Why are you cancelling?","1779742","I�ll be back soon","Temporary break from platform"
"Why are you cancelling?","1779741","I�ll wait for few months to return","Temporary break from platform"
"Why are you cancelling?","1779740","I�m BROKEEEE","Reducing expenses / financial constraints"
"Why are you cancelling?","1779739","I�m cutting back on spending","Reducing expenses / financial constraints"
"Why are you cancelling?","1779738","I�m done","null"
"Why are you cancelling?","1779737","I�m sharing an subscription with my parents and will no longer support you if you charge extra.","Object to sharing restrictions"
"Why are you cancelling?","1779736","ill be back, rotating to something else,","Temporary break from platform"
"Why are you cancelling?","1779735","Im using another subscription","Consolidating / shifting accounts"
"Why are you cancelling?","1779734","Income change","Reducing expenses / financial constraints"
"Why are you cancelling?","1779733","Increase cost of living","Reducing expenses / financial constraints"
"Why are you cancelling?","1779732","Increase from original price","Constant price rise / increase"
"Why are you cancelling?","1779731","Increase in price.","Constant price rise / increase"
"Why are you cancelling?","1779730","Increase price","Constant price rise / increase"
"Why are you cancelling?","1779729","Increase was too much, should be half what is charged","Constant price rise / increase"
"Why are you cancelling?","1779728","Increasing price, not worth it","Constant price rise / increase"
"Why are you cancelling?","1779727","inflation","null"
"Why are you cancelling?","1779726","Inflation","Reducing expenses / financial constraints"
"Why are you cancelling?","1779725","inflation food and gas","Reducing expenses / financial constraints"
"Why are you cancelling?","1779724","Inflation reduces priority","Reducing expenses / financial constraints"
"Why are you cancelling?","1779723","Inflation/ Recession/ rising costs","Reducing expenses / financial constraints"
"Why are you cancelling?","1779722","it didnt let me cancel the first month","Problems with billing"
"Why are you cancelling?","1779721","it just keeps going up and I am on fixed income","Constant price rise / increase"
"Why are you cancelling?","1779720","It's boring","Don't use it enough / anymore"
"Why are you cancelling?","1779719","It's cheaper to pay in euro currency.","null"
"Why are you cancelling?","1779718","It�s not too expensive for me, it�s too expensive for itself","Too expensive"
"Why are you cancelling?","1779717","Job loss","Unemployed"
"Why are you cancelling?","1779716","Just can't afford it right now","Reducing expenses / financial constraints"
"Why are you cancelling?","1779715","Just don't want to spend the money on another subscription","Reducing expenses / financial constraints"
"Why are you cancelling?","1779714","Just eliminating monthly bills","Reducing expenses / financial constraints"
"Why are you cancelling?","1779713","Just looking to cut costs.","Reducing expenses / financial constraints"
"Why are you cancelling?","1779712","Just need money back","Reducing expenses / financial constraints"
"Why are you cancelling?","1779468","Too expensive","Too expensive"
"Why are you cancelling?","1779711","Just need to take care of other things first before a start paying for this again","Temporary break from platform"
"Why are you cancelling?","1779710","Just reducing un-needed expenses ","Reducing expenses / financial constraints"
"Why are you cancelling?","1779709","just taking a break","Temporary break from platform"
"Why are you cancelling?","1779708","Just taking a break and saving a bit of money. We'll be back.","Temporary break from platform"
"Why are you cancelling?","1779707","Keep getting subscription hacked","Account gets hacked"
"Why are you cancelling?","1779706","Keep raising price","Constant price rise / increase"
"Why are you cancelling?","1779705","Keep raising prices","Constant price rise / increase"
"Why are you cancelling?","1779704","Keep raising prices, not worth it","Constant price rise / increase"
"Why are you cancelling?","1779703","Keep raising subscription price","Constant price rise / increase"
"Why are you cancelling?","1779702","keep raising the price","Constant price rise / increase"
"Why are you cancelling?","1779701","Keeps going up","Constant price rise / increase"
"Why are you cancelling?","1779700","laid off, reducing expenses","Unemployed"
"Why are you cancelling?","1779700","laid off, reducing expenses","Reducing expenses / financial constraints"
"Why are you cancelling?","1779699","Limited users","Object to sharing restrictions"
"Why are you cancelling?","1779698","Limiting access with high price","Too expensive"
"Why are you cancelling?","1779697","Limiting household spending","Reducing expenses / financial constraints"
"Why are you cancelling?","1779696","Limiting to single household use.","Object to family/household restriction"
"Why are you cancelling?","1779695","Limiting to the household only.","Object to family/household restriction"
"Why are you cancelling?","1779694","living with daughter, not really using","Don't use it enough / anymore"
"Why are you cancelling?","1779693","Loss of job","Unemployed"
"Why are you cancelling?","1779692","Lost job","Unemployed"
"Why are you cancelling?","1779691","Lost Job","Unemployed"
"Why are you cancelling?","1779690","Lost job can't afford now","Unemployed"
"Why are you cancelling?","1779689","lost job due to vaccine","Unemployed"
"Why are you cancelling?","1779688","Lost my job","Unemployed"
"Why are you cancelling?","1779687","lost my job can't afford it","Unemployed"
"Why are you cancelling?","1779686","Lost y�all damn mind with these prices","Corporate greed / taking advantage of customers"
"Why are you cancelling?","1779685","lower bills","Reducing expenses / financial constraints"
"Why are you cancelling?","1779684","lower your price pls __","Too expensive"
"Why are you cancelling?","1779683","Lowering expenses","Reducing expenses / financial constraints"
"Why are you cancelling?","1779682","Making budget cut","Reducing expenses / financial constraints"
"Why are you cancelling?","1779681","Married. Combining households","Consolidating / shifting accounts"
"Why are you cancelling?","1779680","Married. Using spouses subscription","Consolidating / shifting accounts"
"Why are you cancelling?","1779679","Me and my mom live in two different places, since you want to restrict that I will cancel my membership.","Object to family/household restriction"
"Why are you cancelling?","1779678","Member passed away","Account owner passed away"
"Why are you cancelling?","1779677","membership fee going up","Constant price rise / increase"
"Why are you cancelling?","1779676","Merge households two subscriptions","Consolidating / shifting accounts"
"Why are you cancelling?","1779675","merging households","Consolidating / shifting accounts"
"Why are you cancelling?","1779674","Monetary break. Will come back.","Temporary break from platform"
"Why are you cancelling?","1779673","Money is tight, ill try and come back in a few months once I have the budget for this","Reducing expenses / financial constraints"
"Why are you cancelling?","1779672","Money is a problem, I need to be saving more and can't deal with continuous price increases","Reducing expenses / financial constraints"
"Why are you cancelling?","1779672","Money is a problem, I need to be saving more and can't deal with continuous price increases","Constant price rise / increase"
"Why are you cancelling?","1779671","money I don't have","Reducing expenses / financial constraints"
"Why are you cancelling?","1779670","Money is tight right now","Reducing expenses / financial constraints"
"Why are you cancelling?","1779669","Moved","Moving / changing locations"
"Why are you cancelling?","1779668","Moved in with family","Moving / changing locations"
"Why are you cancelling?","1779667","Moved in with my boyfriend so we only need one","Consolidating / shifting accounts"
"Why are you cancelling?","1779666","Moved in with significant other don�t need two subscriptions in one house","Consolidating / shifting accounts"
"Why are you cancelling?","1779665","Moved in with someone","Moving / changing locations"
"Why are you cancelling?","1779664","Moved in with someone who has it already","Consolidating / shifting accounts"
"Why are you cancelling?","1779663","moving","Moving / changing locations"
"Why are you cancelling?","1779662","Moving","Moving / changing locations"
"Why are you cancelling?","1779661","Moving","Moving / changing locations"
"Why are you cancelling?","1779660","moving","Moving / changing locations"
"Why are you cancelling?","1779659","Moving away","Moving / changing locations"
"Why are you cancelling?","1779658","Moving country","Moving / changing locations"
"Why are you cancelling?","1779657","Moving on for now. Thank you.","Moving / changing locations"
"Why are you cancelling?","1779656","Moving out of the country","Moving / changing locations"
"Why are you cancelling?","1779655","Moving to another country.","Moving / changing locations"
"Why are you cancelling?","1779654","multiple subscriptions","Consolidating / shifting accounts"
"Why are you cancelling?","1779653","Multiple subscriptions","Consolidating / shifting accounts"
"Why are you cancelling?","1779652","Multiple subscriptions","Consolidating / shifting accounts"
"Why are you cancelling?","1779651","Multiple subscriptions in our house","Consolidating / shifting accounts"
"Why are you cancelling?","1779650","Multiple subscriptions. Unneeded.","Consolidating / shifting accounts"
"Why are you cancelling?","1779649","my subscription was being used by a stranger","Account gets hacked"
"Why are you cancelling?","1779648","My subscription was hacked","Account gets hacked"
"Why are you cancelling?","1779647","my subscription was hacked","Account gets hacked"
"Why are you cancelling?","1779646","My Aunt passed away","Account owner passed away"
"Why are you cancelling?","1779645","My boyfriend wants me to cancel","null"
"Why are you cancelling?","1779644","My daughter has a subscription at the same residence","Consolidating / shifting accounts"
"Why are you cancelling?","1779643","my husband already has subscription","Consolidating / shifting accounts"
"Why are you cancelling?","1779642","My husband has a subscription","Consolidating / shifting accounts"
"Why are you cancelling?","1779641","My husband has an subscription","Consolidating / shifting accounts"
"Why are you cancelling?","1779467","Too expensive and too many new added charges","Object to additional charges"
"Why are you cancelling?","1779467","Too expensive and too many new added charges","Too expensive"
"Why are you cancelling?","1779640","My kids live in another city and you're going to charge more for that. Unfair and intolerable.","Object to family/household restriction"
"Why are you cancelling?","1779639","My spouse has an subscription","Consolidating / shifting accounts"
"Why are you cancelling?","1779638","My stepdad has an subscription so don�t need one anymore","Consolidating / shifting accounts"
"Why are you cancelling?","1779637","Need to change due date","Making changes to payment / billing"
"Why are you cancelling?","1779636","Need to cut expenses","Reducing expenses / financial constraints"
"Why are you cancelling?","1779635","need to cut expenses","Reducing expenses / financial constraints"
"Why are you cancelling?","1779634","Need to cut expenses....rent just increased almost $40 per month","Reducing expenses / financial constraints"
"Why are you cancelling?","1779633","need to discontinue for several weeks","Temporary break from platform"
"Why are you cancelling?","1779632","need to redo membership","null"
"Why are you cancelling?","1779631","Need to save some money.","Reducing expenses / financial constraints"
"Why are you cancelling?","1779630","need to save the money","Reducing expenses / financial constraints"
"Why are you cancelling?","1779629","Need to simplify","null"
"Why are you cancelling?","1779628","Never use it & too expensive","Don't use it enough / anymore"
"Why are you cancelling?","1779628","Never use it & too expensive","Too expensive"
"Why are you cancelling?","1779627","No longer enough value to justify the cost.","Too expensive"
"Why are you cancelling?","1779626","No longer good value for the money","Too expensive"
"Why are you cancelling?","1779625","no longer worth it","Too expensive"
"Why are you cancelling?","1779624","No more family sharing =[","Object to family/household restriction"
"Why are you cancelling?","1779623","No need for it","Don't use it enough / anymore"
"Why are you cancelling?","1779622","No respect for legacy members. It�s been a good run.","Corporate greed / taking advantage of customers"
"Why are you cancelling?","1779621","No sharing subscriptions to expensive","Object to sharing restrictions"
"Why are you cancelling?","1779620","no way of paying for it anymore","Reducing expenses / financial constraints"
"Why are you cancelling?","1779619","not happy with price increase, this is now out of my spending and budget","Constant price rise / increase"
"Why are you cancelling?","1779618","not in my budget anymore","Reducing expenses / financial constraints"
"Why are you cancelling?","1779617","Not interested at this time","Don't use it enough / anymore"
"Why are you cancelling?","1779616","Not letting us share anymore and u keep raising the price","Object to sharing restrictions"
"Why are you cancelling?","1779616","Not letting us share anymore and u keep raising the price","Constant price rise / increase"
"Why are you cancelling?","1779615","NOT NEEDED, you guys don�t want to put forth good services so why do I need you","Don't use it enough / anymore"
"Why are you cancelling?","1779614","Not needed","Don't use it enough / anymore"
"Why are you cancelling?","1779613","Not paying for extra subscriptions.","Object to additional charges"
"Why are you cancelling?","1779612","not paying more money","Constant price rise / increase"
"Why are you cancelling?","1779611","Not pleased with new policies","New policy generally"
"Why are you cancelling?","1779610","Not used enough currently to be worth the price increase for me","Don't use it enough / anymore"
"Why are you cancelling?","1779610","Not used enough currently to be worth the price increase for me","Constant price rise / increase"
"Why are you cancelling?","1779609","Not using","Don't use it enough / anymore"
"Why are you cancelling?","1779608","Not using it at this time.","Don't use it enough / anymore"
"Why are you cancelling?","1779607","Not using now","Don't use it enough / anymore"
"Why are you cancelling?","1779606","Not worth the price increase","Constant price rise / increase"
"Why are you cancelling?","1779605","Not worth the price increase.","Constant price rise / increase"
"Why are you cancelling?","1779604","Notified today that my subscription was hacked.","Account gets hacked"
"Why are you cancelling?","1779603","obscene pricing!","Too expensive"
"Why are you cancelling?","1779602","Offered with my phone subscription","Consolidating / shifting accounts"
"Why are you cancelling?","1779601","Opened a new subscription","Consolidating / shifting accounts"
"Why are you cancelling?","1779600","Opened this as a duplicate subscription by mistake","Consolidating / shifting accounts"
"Why are you cancelling?","1779599","Opening a different subscription","null"
"Why are you cancelling?","1779598","Opening different subscriptions","null"
"Why are you cancelling?","1779597","Other bills","Reducing expenses / financial constraints"
"Why are you cancelling?","1779596","out of town for 4 months","Temporary break from platform"
"Why are you cancelling?","1779595","Out of work at the moment","Unemployed"
"Why are you cancelling?","1779594","Owner of this subscription has passed away","Account owner passed away"
"Why are you cancelling?","1779593","Pagos adicional por el servicio","null"
"Why are you cancelling?","1779592","My mom passed away and she had the account","Account owner passed away"
"Why are you cancelling?","1779591","Parent owning account passed away","Account owner passed away"
"Why are you cancelling?","1779590","Pending extra charges","Object to additional charges"
"Why are you cancelling?","1779589","Person passed away","Account owner passed away"
"Why are you cancelling?","1779588","Person paying passed away.","Account owner passed away"
"Why are you cancelling?","1779587","personal income problems","Reducing expenses / financial constraints"
"Why are you cancelling?","1779586","Please stop raising prices every year!","Constant price rise / increase"
"Why are you cancelling?","1779585","policy changes","New policy generally"
"Why are you cancelling?","1779584","preemptively canceling before the next rate hike","Constant price rise / increase"
"Why are you cancelling?","1779583","Prescription fees too high","Too expensive"
"Why are you cancelling?","1779582","price change and don't use anymore","Don't use it enough / anymore"
"Why are you cancelling?","1779582","price change and don't use anymore","Constant price rise / increase"
"Why are you cancelling?","1779543","Recent price increase and talk of limited subscription sharing, bye bye","Object to sharing restrictions"
"Why are you cancelling?","1779543","Recent price increase and talk of limited subscription sharing, bye bye","Constant price rise / increase"
"Why are you cancelling?","1779542","recently married and don't need two memberships","Consolidating / shifting accounts"
"Why are you cancelling?","1779541","Remarried only need one subscription","Consolidating / shifting accounts"
"Why are you cancelling?","1779540","Repurposing my time. I will be back!","Temporary break from platform"
"Why are you cancelling?","1779539","Restarting again soon","Temporary break from platform"
"Why are you cancelling?","1779538","Retiring and must cut expenses","Reducing expenses / financial constraints"
"Why are you cancelling?","1779537","Ridiculous price raises throughout history","Constant price rise / increase"
"Why are you cancelling?","1779536","Roommate has subscription","Consolidating / shifting accounts"
"Why are you cancelling?","1779535","Save Money","Reducing expenses / financial constraints"
"Why are you cancelling?","1779534","saving $ and sharing with dad","Object to sharing restrictions"
"Why are you cancelling?","1779534","saving $ and sharing with dad","Reducing expenses / financial constraints"
"Why are you cancelling?","1779532","Selection continually goes in one direction, price goes in the other. The scales finally tipped.","Too expensive"
"Why are you cancelling?","1779531","Service is now overpriced.","Too expensive"
"Why are you cancelling?","1779530","Sharing with Spouse","Consolidating / shifting accounts"
"Why are you cancelling?","1779529","Sharon Passed Away","Account owner passed away"
"Why are you cancelling?","1779528","Sick of price increases","Constant price rise / increase"
"Why are you cancelling?","1779527","Someone hacked my subscription","Account gets hacked"
"Why are you cancelling?","1779526","someone hacked my acct","Account gets hacked"
"Why are you cancelling?","1779525","Someone keeps hacking my subscription","Account gets hacked"
"Why are you cancelling?","1779524","Stop raising prices & put some money into customer success","Constant price rise / increase"
"Why are you cancelling?","1779523","Stop raising the prices. Twice in 6 months is ridiculous.","Constant price rise / increase"
"Why are you cancelling?","1779522","Stop raising these damn prices!","Constant price rise / increase"
"Why are you cancelling?","1779521","STOP RAISING YOUR PRICES","Constant price rise / increase"
"Why are you cancelling?","1779520","Stop raising your prices!","Constant price rise / increase"
"Why are you cancelling?","1779519","subscriber passed away","Account owner passed away"
"Why are you cancelling?","1779518","summer break","Temporary break from platform"
"Why are you cancelling?","1779517","Summer coming","null"
"Why are you cancelling?","1779516","Summer is coming. Time to play outside","Temporary break from platform"
"Why are you cancelling?","1779515","Switching my payment date","Making changes to payment / billing"
"Why are you cancelling?","1779514","Taking a break","Temporary break from platform"
"Why are you cancelling?","1779513","taking a break for summer","Temporary break from platform"
"Why are you cancelling?","1779512","taking a break layoff","Temporary break from platform"
"Why are you cancelling?","1779511","taking a break, will be back","Temporary break from platform"
"Why are you cancelling?","1779510","Taking a break.","Temporary break from platform"
"Why are you cancelling?","1779509","Taking a break.","Temporary break from platform"
"Why are you cancelling?","1779508","Temp money issues","Temporary break from platform"
"Why are you cancelling?","1779508","Temp money issues","Reducing expenses / financial constraints"
"Why are you cancelling?","1779507","Temporarily cancelling; will rejoin later!","Temporary break from platform"
"Why are you cancelling?","1779506","Temporarily scaling down services","Temporary break from platform"
"Why are you cancelling?","1779505","Temporary break","Temporary break from platform"
"Why are you cancelling?","1779504","Temporary disconnection","Temporary break from platform"
"Why are you cancelling?","1779503","Temporary out of work","Unemployed"
"Why are you cancelling?","1779502","terrible customer service","null"
"Why are you cancelling?","1779501","The constant price increases are ridiculous and greedy.","Corporate greed / taking advantage of customers"
"Why are you cancelling?","1779501","The constant price increases are ridiculous and greedy.","Constant price rise / increase"
"Why are you cancelling?","1779500","The cost is going up much","Constant price rise / increase"
"Why are you cancelling?","1779499","The cost is the biggest deal","Too expensive"
"Why are you cancelling?","1779498","The fact you only give 10 months to reactivate makes me never want to come back again. I will consider it if you email me that you are rectifying this issue. If not, good bye forever.","null"
"Why are you cancelling?","1779497","The greed of the company disgusts me.","Corporate greed / taking advantage of customers"
"Why are you cancelling?","1779496","The increase of the bill and the news about paying extra money when i share my subscription with my family outside the states and I don't like the idea that you want limit my power of using my subscription.","Object to family/household restriction"
"Why are you cancelling?","1779496","The increase of the bill and the news about paying extra money when i share my subscription with my family outside the states and I don't like the idea that you want limit my power of using my subscription.","Object to additional charges"
"Why are you cancelling?","1779496","The increase of the bill and the news about paying extra money when i share my subscription with my family outside the states and I don't like the idea that you want limit my power of using my subscription.","Constant price rise / increase"
"Why are you cancelling?","1779495","The last price increase was I am willing pay.","Constant price rise / increase"
"Why are you cancelling?","1779494","The new sharing fee. You will loose more from greed","Object to sharing restrictions"
"Why are you cancelling?","1779494","The new sharing fee. You will loose more from greed","Corporate greed / taking advantage of customers"
"Why are you cancelling?","1779493","The new upcoming addtional price increases stop this and youll have me back as a customer.","Constant price rise / increase"
"Why are you cancelling?","1779492","The price continues to rise with no end in sight.","Constant price rise / increase"
"Why are you cancelling?","1779491","The price has gone up annually.","Constant price rise / increase"
"Why are you cancelling?","1779490","The price has increased so much. Can�t keep with it.","Constant price rise / increase"
"Why are you cancelling?","1779489","The price has raised way to high! I will not be renewing for a long while!","Constant price rise / increase"
"Why are you cancelling?","1779488","the price hike and stopping sharing","Object to sharing restrictions"
"Why are you cancelling?","1779488","the price hike and stopping sharing","Constant price rise / increase"
"Why are you cancelling?","1779487","The price hike was 43% in the span of 5 months and your selection has drastically deteriorated. Member since 09 gone just like that!","Constant price rise / increase"
"Why are you cancelling?","1779486","The price increase every year seems ok but when nothing really good is added, it is not ok.","Constant price rise / increase"
"Why are you cancelling?","1779485","The price increase since I became a member is ridiculous","Constant price rise / increase"
"Why are you cancelling?","1779484","The price increases","Constant price rise / increase"
"Why are you cancelling?","1779483","The price increases + the upcoming change where we will have to pay a fee to use my subscription in different locations is ridiculous and anti-consumer.","Object to family/household restriction"
"Why are you cancelling?","1779483","The price increases + the upcoming change where we will have to pay a fee to use my subscription in different locations is ridiculous and anti-consumer.","Constant price rise / increase"
"Why are you cancelling?","1779482","The price just got to far out of hand","Too expensive"
"Why are you cancelling?","1779481","THE PRICE KEEPS INCREASING","Constant price rise / increase"
"Why are you cancelling?","1779480","The service vs price is no longer worth it. Too expensive now","Too expensive"
"Why are you cancelling?","1779479","The service isn�t worth the cost.","Too expensive"
"Why are you cancelling?","1779478","Think my subscription is compromised","Account gets hacked"
"Why are you cancelling?","1779477","This is going to be about 4 times the amount it was when I started.","Too expensive"
"Why are you cancelling?","1779476","This is ridiculous! Price gouging!","Too expensive"
"Why are you cancelling?","1779475","Time for a break","Temporary break from platform"
"Why are you cancelling?","1779474","Tired of the pay increases every year","Constant price rise / increase"
"Why are you cancelling?","1779473","Tired of your company playing games with subscribers","Corporate greed / taking advantage of customers"
"Why are you cancelling?","1779472","To busy","Don't use it enough / anymore"
"Why are you cancelling?","1779471","To expensive","Too expensive"
"Why are you cancelling?","1779470","too easily hacked-not secure","Account gets hacked"
"Why are you cancelling?","1779469","Too expensive","Too expensive"
"Why are you cancelling?","1779466","Too expensive for me right now, maybe later","Too expensive"
"Why are you cancelling?","1779465","Too expensive for what�s offered","Too expensive"
"Why are you cancelling?","1779464","Too expensive, stupid new rule","New policy generally"
"Why are you cancelling?","1779464","Too expensive, stupid new rule","Too expensive"
"Why are you cancelling?","1779463","Too EXPENSIVE!","Too expensive"
"Why are you cancelling?","1779462","Too greedy","Corporate greed / taking advantage of customers"
"Why are you cancelling?","1779461","Too many charges added on.","Object to additional charges"
"Why are you cancelling?","1779460","Too many new rules and fees and raised prices. Just not worth the money anymore.","New policy generally"
"Why are you cancelling?","1779460","Too many new rules and fees and raised prices. Just not worth the money anymore.","Constant price rise / increase"
"Why are you cancelling?","1779459","Too many on my subscription","null"
"Why are you cancelling?","1779458","too many people using my subscription","null"
"Why are you cancelling?","1779457","Too many price hikes and the newest hike for charging extra to share an subscription","Object to additional charges"
"Why are you cancelling?","1779457","Too many price hikes and the newest hike for charging extra to share an subscription","Object to sharing restrictions"
"Why are you cancelling?","1779457","Too many price hikes and the newest hike for charging extra to share an subscription","Constant price rise / increase"
"Why are you cancelling?","1779456","too many price increases","Constant price rise / increase"
"Why are you cancelling?","1779455","Too many price increases","Constant price rise / increase"
"Why are you cancelling?","1779454","Too many price increases.","Constant price rise / increase"
"Why are you cancelling?","1779453","Too many price increases. Going with a different service.","Prefer competition"
"Why are you cancelling?","1779453","Too many price increases. Going with a different service.","Constant price rise / increase"
"Why are you cancelling?","1779452","too many price increments and now you will be checking where we access the subscription. Your greed is why I am canceling. Good Luck!","Object to family/household restriction"
"Why are you cancelling?","1779452","too many price increments and now you will be checking where we access the subscription. Your greed is why I am canceling. Good Luck!","Corporate greed / taking advantage of customers"
"Why are you cancelling?","1779452","too many price increments and now you will be checking where we access the subscription. Your greed is why I am canceling. Good Luck!","Constant price rise / increase"
"Why are you cancelling?","1779451","Too many subscriptions, I'll be back","Temporary break from platform"
"Why are you cancelling?","1779450","Trying to reduce bills as much as possible for 6 months","Reducing expenses / financial constraints"
"Why are you cancelling?","1779449","trying to save money","Reducing expenses / financial constraints"
"Why are you cancelling?","1779448","Trying to save money","Reducing expenses / financial constraints"
"Why are you cancelling?","1779447","Trying to save money right now","Reducing expenses / financial constraints"
"Why are you cancelling?","1779446","Two price increases in 6 months","Constant price rise / increase"
"Why are you cancelling?","1779445","Two price increases in short amount of time","Constant price rise / increase"
"Why are you cancelling?","1779444","Unable to change my billing date. Customer service no help at all.","Problems with billing"
"Why are you cancelling?","1779443","unable to share subscription with family","Object to family/household restriction"
"Why are you cancelling?","1779442","Unemployed and financial issues","Unemployed"
"Why are you cancelling?","1779442","Unemployed and financial issues","Reducing expenses / financial constraints"
"Why are you cancelling?","1779441","User passed away","Account owner passed away"
"Why are you cancelling?","1779440","using a different membership","Prefer competition"
"Why are you cancelling?","1779439","using another platform for awhile - I will be back","Temporary break from platform"
"Why are you cancelling?","1779438","using other subscription","Prefer competition"
"Why are you cancelling?","1779437","using other apps at this time","Prefer competition"
"Why are you cancelling?","1779436","Waiting until pay day","Temporary break from platform"
"Why are you cancelling?","1779435","Waste of money and you raising the cost","Constant price rise / increase"
"Why are you cancelling?","1779434","Waste of time and money. Would rather spend time learning.","Too expensive"
"Why are you cancelling?","1779433","Way to many price hikes over the past few years. Also not a fan of you charging extra money to share subscriptions because your greedy.","Object to additional charges"
"Why are you cancelling?","1779433","Way to many price hikes over the past few years. Also not a fan of you charging extra money to share subscriptions because your greedy.","Object to sharing restrictions"
"Why are you cancelling?","1779433","Way to many price hikes over the past few years. Also not a fan of you charging extra money to share subscriptions because your greedy.","Corporate greed / taking advantage of customers"
"Why are you cancelling?","1779433","Way to many price hikes over the past few years. Also not a fan of you charging extra money to share subscriptions because your greedy.","Constant price rise / increase"
"Why are you cancelling?","1779432","way too expensive","Too expensive"
"Why are you cancelling?","1779431","way too expensive for the service given, not worth the amount.","Too expensive"
"Why are you cancelling?","1779430","We feel like there is no customer loyalty for a long time subscriber. Prices keep increasing at alarming rates and we only feel like it will keep going.","Corporate greed / taking advantage of customers"
"Why are you cancelling?","1779430","We feel like there is no customer loyalty for a long time subscriber. Prices keep increasing at alarming rates and we only feel like it will keep going.","Constant price rise / increase"
"Why are you cancelling?","1779429","We have 2 subscriptions","Consolidating / shifting accounts"
"Why are you cancelling?","1779428","We have 3 subscriptions in 1 household. Only needed 1","Consolidating / shifting accounts"
"Why are you cancelling?","1779427","We have not been using it as much as we'd like to","Don't use it enough / anymore"
"Why are you cancelling?","1779426","We have too many subscriptions lol","null"
"Why are you cancelling?","1779425","When I can pay for it I will. You keep charging my card and it declined.","Reducing expenses / financial constraints"
"Why are you cancelling?","1779424","Why the price increase? __","Constant price rise / increase"
"Why are you cancelling?","1779423","Wife has an subscription and don�t need 2 subscriptions.","Consolidating / shifting accounts"
"Why are you cancelling?","1779422","Wife has subscription","Consolidating / shifting accounts"
"Why are you cancelling?","1779421","Wife passed away","Account owner passed away"
"Why are you cancelling?","1779420","Will be back in a week","Temporary break from platform"
"Why are you cancelling?","1779419","will be getting the service through my phone provider","Consolidating / shifting accounts"
"Why are you cancelling?","1779418","will come back in may","Temporary break from platform"
"Why are you cancelling?","1779417","Will come in future","Temporary break from platform"
"Why are you cancelling?","1779416","Will join back later","Temporary break from platform"
"Why are you cancelling?","1779415","Will not pay price increase","Constant price rise / increase"
"Why are you cancelling?","1779414","will replace with a cheaper service","Prefer competition"
"Why are you cancelling?","1779413","will restart under new email","Temporary break from platform"
"Why are you cancelling?","1779412","Will resume later in the year.","Temporary break from platform"
"Why are you cancelling?","1779411","With the rise in fuel and other costs, I'm having to cut back on entertainment.","Reducing expenses / financial constraints"
"Why are you cancelling?","1779845","Do not use often","Don't use it enough / anymore"
"Why are you cancelling?","1779844","do not want anymore","Don't use it enough / anymore"
"Why are you cancelling?","1779843","Do you use enough to warrant cost","Don't use it enough / anymore"
"Why are you cancelling?","1779842","Don't agree with price increase.","Constant price rise / increase"
"Why are you cancelling?","1779841","Don't have enough money to get it anymore","Don't use it enough / anymore"
"Why are you cancelling?","1779840","don't need it currently","Don't use it enough / anymore"
"Why are you cancelling?","1779839","Don't need right now","Don't use it enough / anymore"
"Why are you cancelling?","1779838","Don't use enough anymore","Don't use it enough / anymore"
"Why are you cancelling?","1779837","Don't use.","Don't use it enough / anymore"
"Why are you cancelling?","1779836","Don't want it anymore","Don't use it enough / anymore"
"Why are you cancelling?","1779835","Don�t agree with price increase","Constant price rise / increase"
"Why are you cancelling?","1779834","Don�t have the money","Too expensive"
"Why are you cancelling?","1779833","Don�t like political virtue signaling.","null"
"Why are you cancelling?","1779832","Don�t need two subscriptions","Consolidating / shifting accounts"
"Why are you cancelling?","1779831","Double subscriptions with same payment different emails","Consolidating / shifting accounts"
"Why are you cancelling?","1779830","Downsizing","Reducing expenses / financial constraints"
"Why are you cancelling?","1779829","Economy hardship","Reducing expenses / financial constraints"
"Why are you cancelling?","1779828","Extra charge for sign in. My daughter is in college!!!! And your going to charge me when she uses ut. No thank you. You're not worth it anyways. Good bye","Object to family/household restriction"
"Why are you cancelling?","1779828","Extra charge for sign in. My daughter is in college!!!! And your going to charge me when she uses ut. No thank you. You're not worth it anyways. Good bye","Object to additional charges"
"Why are you cancelling?","1779828","Extra charge for sign in. My daughter is in college!!!! And your going to charge me when she uses ut. No thank you. You're not worth it anyways. Good bye","Too expensive"
"Why are you cancelling?","1779827","Fianc�e has subscription","Consolidating / shifting accounts"
"Why are you cancelling?","1779826","Finance decision","Reducing expenses / financial constraints"
"Why are you cancelling?","1779825","Finances","Reducing expenses / financial constraints"
"Why are you cancelling?","1779824","Finances","Reducing expenses / financial constraints"
"Why are you cancelling?","1779823","Financial","Reducing expenses / financial constraints"
"Why are you cancelling?","1779822","Financial Cut Backs","Reducing expenses / financial constraints"
"Why are you cancelling?","1779821","Financial Hardship","Reducing expenses / financial constraints"
"Why are you cancelling?","1779820","Financial hardship","Reducing expenses / financial constraints"
"Why are you cancelling?","1779819","Financial hardship","Reducing expenses / financial constraints"
"Why are you cancelling?","1779818","Financial reasons","Reducing expenses / financial constraints"
"Why are you cancelling?","1779817","Financial situation changed.","Reducing expenses / financial constraints"
"Why are you cancelling?","1779816","financial situation has changed","Reducing expenses / financial constraints"
"Why are you cancelling?","1779815","For the time being","Temporary break from platform"
"Why are you cancelling?","1779814","future issues expected with sharing profiles, price hikes","Object to sharing restrictions"
"Why are you cancelling?","1779814","future issues expected with sharing profiles, price hikes","Constant price rise / increase"
"Why are you cancelling?","1779813","getting another platform instead","Prefer competition"
"Why are you cancelling?","1779812","Getting married and will be combining accounts","Consolidating / shifting accounts"
"Why are you cancelling?","1779810","Getting too expensive and not worth the money Thanks but no thanks","Too expensive"
"Why are you cancelling?","1779809","Getting too Greedy for ya Girl!","Corporate greed / taking advantage of customers"
"Why are you cancelling?","1779808","go to live with gf","Moving / changing locations"
"Why are you cancelling?","1779807","Going to not be using it for a few months","Temporary break from platform"
"Why are you cancelling?","1779806","got laid off, will be back when i can.","Temporary break from platform"
"Why are you cancelling?","1779806","got laid off, will be back when i can.","Unemployed"
"Why are you cancelling?","1779805","got married and my wife has her own subscription","Consolidating / shifting accounts"
"Why are you cancelling?","1779804","Got married my husband and I now share subscriptions","Consolidating / shifting accounts"
"Why are you cancelling?","1779803","Got to get back on my feet","Reducing expenses / financial constraints"
"Why are you cancelling?","1779802","GREED","Corporate greed / taking advantage of customers"
"Why are you cancelling?","1779801","greedy company","Corporate greed / taking advantage of customers"
"Why are you cancelling?","1779800","Greedy company","Corporate greed / taking advantage of customers"
"Why are you cancelling?","1779799","Greedy Corporation","Corporate greed / taking advantage of customers"
"Why are you cancelling?","1779798","Hacked","Account gets hacked"
"Why are you cancelling?","1779797","hard time financially need to cancel some subscriptions","Reducing expenses / financial constraints"
"Why are you cancelling?","1779796","hardly use it but price keeps increasing.","Don't use it enough / anymore"
"Why are you cancelling?","1779796","hardly use it but price keeps increasing.","Constant price rise / increase"
"Why are you cancelling?","1779795","Have 2 subscriptions and only need 1","Consolidating / shifting accounts"
"Why are you cancelling?","1779794","Have a different subscription","Consolidating / shifting accounts"
"Why are you cancelling?","1779793","have more than one subscription aparently","Consolidating / shifting accounts"
"Why are you cancelling?","1779792","having $ issues.","Reducing expenses / financial constraints"
"Why are you cancelling?","1779791","competitor is better","Prefer competition"
"Why are you cancelling?","1779790","Health Issues","null"
"Why are you cancelling?","1779789","Health issues","null"
"Why are you cancelling?","1779788","Horrible business decisions.","New policy generally"
"Why are you cancelling?","1779787","Others are cheaper","Prefer competition"
"Why are you cancelling?","1779786","I am flat broke","Reducing expenses / financial constraints"
"Why are you cancelling?","1779785","I am retired and non a fixed income.","Reducing expenses / financial constraints"
"Why are you cancelling?","1779784","I am trying to cut my spending as much as possible for now","Reducing expenses / financial constraints"
"Why are you cancelling?","1779783","I can afford this but I think the price is way too high and am not willing to pay it","Too expensive"
"Why are you cancelling?","1779782","I can't afford it at this time but will start again.","Temporary break from platform"
"Why are you cancelling?","1779781","I cant share my subscription with family outside my hosehold","Object to family/household restriction"
"Why are you cancelling?","1779780","I do not agree with the price increases and policy changes","Constant price rise / increase"
"Why are you cancelling?","1779779","I do not like","Don't use it enough / anymore"
"Why are you cancelling?","1779778","I do not use enough as the price continues to go up","Don't use it enough / anymore"
"Why are you cancelling?","1779778","I do not use enough as the price continues to go up","Constant price rise / increase"
"Why are you cancelling?","1779777","I don't have the money this month due to losing my job","Unemployed"
"Why are you cancelling?","1779777","I don't have the money this month due to losing my job","Reducing expenses / financial constraints"
"Why are you cancelling?","1779776","I don�t use it enough","Don't use it enough / anymore"
"Why are you cancelling?","1779775","I get it free with my phone service","Consolidating / shifting accounts"
"Why are you cancelling?","1779774","I get more on another service for less.","Prefer competition"
"Why are you cancelling?","1779773","i got hacked","Account gets hacked"
"Why are you cancelling?","1779581","Price change. Lack of acceptance of the reality that is subscription sharing.","Object to sharing restrictions"
"Why are you cancelling?","1779581","Price change. Lack of acceptance of the reality that is subscription sharing.","Constant price rise / increase"
"Why are you cancelling?","1779580","Price continues to climb with no added benefit and other services have more and better prices.","Prefer competition"
"Why are you cancelling?","1779580","Price continues to climb with no added benefit and other services have more and better prices.","Constant price rise / increase"
"Why are you cancelling?","1779579","Price hike was too much.","Constant price rise / increase"
"Why are you cancelling?","1779578","Price hikes are getting to be too much, everything else in my life is already expensive","Constant price rise / increase"
"Why are you cancelling?","1779577","Price Increase and garbage quality, why should I keep paying blindly ","Constant price rise / increase"
"Why are you cancelling?","1779576","price increase and horrible customer service, what am I paying for??","Constant price rise / increase"
"Why are you cancelling?","1779575","Price increase and I have to choose between this and putting my kids into activities that are already expensive. YOU made me have to choose one or the other","Constant price rise / increase"
"Why are you cancelling?","1779574","Price increase and I cant afford you anymore","Reducing expenses / financial constraints"
"Why are you cancelling?","1779574","Price increase and I cant afford you anymore","Constant price rise / increase"
"Why are you cancelling?","1779573","Price increase after being a loyal customer since 2010","Constant price rise / increase"
"Why are you cancelling?","1779572","Price increase and to manservices to pick from. Shouldn't a competitive market drive price down...","Constant price rise / increase"
"Why are you cancelling?","1779571","Price increase and your tracking people and how they access their subscription.","New policy generally"
"Why are you cancelling?","1779571","Price increase and your tracking people and how they access their subscription.","Constant price rise / increase"
"Why are you cancelling?","1779570","Price Increase caused me to cancel","Constant price rise / increase"
"Why are you cancelling?","1779569","Price increase is absurd","Constant price rise / increase"
"Why are you cancelling?","1779568","PRICE INCREASE IS TOO MUCH!!","Constant price rise / increase"
"Why are you cancelling?","1779567","Price increase isn't worth it","Constant price rise / increase"
"Why are you cancelling?","1779566","Price increase isnt worth what is offered","Constant price rise / increase"
"Why are you cancelling?","1779565","Price increases and terrible customer service","Constant price rise / increase"
"Why are you cancelling?","1779564","Price increases and charges for people using my subscription","Object to sharing restrictions"
"Why are you cancelling?","1779564","Price increases and charges for people using my subscription","Constant price rise / increase"
"Why are you cancelling?","1779563","Price increases are too often.","Constant price rise / increase"
"Why are you cancelling?","1779562","price increases don't reflect quality of service","Constant price rise / increase"
"Why are you cancelling?","1779561","Price is becoming too high for the quality","Too expensive"
"Why are you cancelling?","1779560","Price is increasing","Constant price rise / increase"
"Why are you cancelling?","1779559","Price is whack.","Too expensive"
"Why are you cancelling?","1779558","Price just keeps climbing","Constant price rise / increase"
"Why are you cancelling?","1779557","Price keeps changing. Benefits don't. Been with you too long for this nonsense.","Corporate greed / taking advantage of customers"
"Why are you cancelling?","1779557","Price keeps changing. Benefits don't. Been with you too long for this nonsense.","Constant price rise / increase"
"Why are you cancelling?","1779556","Price keeps increasing","Constant price rise / increase"
"Why are you cancelling?","1779555","Price keeps rising and service is not as good as it was before.","Constant price rise / increase"
"Why are you cancelling?","1779554","Price raises","Constant price rise / increase"
"Why are you cancelling?","1779553","price too high","Too expensive"
"Why are you cancelling?","1779552","Price went up and I have has since 2010 or Earlier sorry oneday","Constant price rise / increase"
"Why are you cancelling?","1779551","Prices are going up","Constant price rise / increase"
"Why are you cancelling?","1779550","Prices are rising to much. This is the second time.","Constant price rise / increase"
"Why are you cancelling?","1779549","Prices are up in everything","Constant price rise / increase"
"Why are you cancelling?","1779548","Prices continue to go up, and yet you continue to try to squeeze even more money out of people","Constant price rise / increase"
"Why are you cancelling?","1779547","Raising prices after a 40% profit increase last year and starting to charge for additional profiles is just greedy.","Object to sharing restrictions"
"Why are you cancelling?","1779547","Raising prices after a 40% profit increase last year and starting to charge for additional profiles is just greedy.","Corporate greed / taking advantage of customers"
"Why are you cancelling?","1779547","Raising prices after a 40% profit increase last year and starting to charge for additional profiles is just greedy.","Constant price rise / increase"
"Why are you cancelling?","1779546","Barely use the service, money down the drain","Don't use it enough / anymore"
"Why are you cancelling?","1779545","Rarely used","Don't use it enough / anymore"
"Why are you cancelling?","1779544","Rate increase and garbage customer service, do you even care about your customers?","Corporate greed / taking advantage of customers"
"Why are you cancelling?","1779544","Rate increase and garbage customer service, do you even care about your customers?","Constant price rise / increase"
"Why are you cancelling?","1779410","You are about to charge for have extra subscriptions. Me and my family have different taste but I pay my bill, it�s extortion and you�re a disgusting and greedy company.","Object to family/household restriction"
"Why are you cancelling?","1779410","You are about to charge for have extra subscriptions. Me and my family have different taste but I pay my bill, it�s extortion and you�re a disgusting and greedy company.","Object to additional charges"
"Why are you cancelling?","1779410","You are about to charge for have extra subscriptions. Me and my family have different taste but I pay my bill, it�s extortion and you�re a disgusting and greedy company.","Corporate greed / taking advantage of customers"
"Why are you cancelling?","1779409","you are constantly raising prices. i will take my business elsewhere","Prefer competition"
"Why are you cancelling?","1779409","you are constantly raising prices. i will take my business elsewhere","Constant price rise / increase"
"Why are you cancelling?","1779408","You are going up on prices","Constant price rise / increase"
"Why are you cancelling?","1779407","You are money hungry","Corporate greed / taking advantage of customers"
"Why are you cancelling?","1779406","You are politically biased.","null"
"Why are you cancelling?","1779405","you aren't focused on customers anymore","Corporate greed / taking advantage of customers"
"Why are you cancelling?","1779404","You charge too much","Too expensive"
"Why are you cancelling?","1779403","You continue to raise your prices","Constant price rise / increase"
"Why are you cancelling?","1779402","You guys are making business decisions that don�t make sense at a time when it doesn�t make sense. Make sense, and we�ll resubscribe.","null"
"Why are you cancelling?","1779401","You guys keep raising the prices","Constant price rise / increase"
"Why are you cancelling?","1779400","You have gotten too greedy and raised the price too many times","Corporate greed / taking advantage of customers"
"Why are you cancelling?","1779400","You have gotten too greedy and raised the price too many times","Constant price rise / increase"
"Why are you cancelling?","1779399","you just keep raising the price","Constant price rise / increase"
"Why are you cancelling?","1779398","You keep adding fees and new prices, I don�t really want it no more","Constant price rise / increase"
"Why are you cancelling?","1779396","You keep increasing prices.","Constant price rise / increase"
"Why are you cancelling?","1779395","You keep jacking the price up every 12 days.","Constant price rise / increase"
"Why are you cancelling?","1779394","You keep raising prices and are now charging extra for other people using your subscription, other services are better and cheaper and the only reason I kept it was for the other people using it so if you�re gonna charge for that I�m out","Prefer competition"
"Why are you cancelling?","1779394","You keep raising prices and are now charging extra for other people using your subscription, other services are better and cheaper and the only reason I kept it was for the other people using it so if you�re gonna charge for that I�m out","Object to additional charges"
"Why are you cancelling?","1779394","You keep raising prices and are now charging extra for other people using your subscription, other services are better and cheaper and the only reason I kept it was for the other people using it so if you�re gonna charge for that I�m out","Constant price rise / increase"
"Why are you cancelling?","1779393","You keep raising prices. it's not my fault that you don't have enough customers and I have to pay the price. It's just not worth it to keep you.","Constant price rise / increase"
"Why are you cancelling?","1779392","You keep raising the damn price. I'm not made of money.","Constant price rise / increase"
"Why are you cancelling?","1779391","You keep upping the price and now i cant pay","Constant price rise / increase"
"Why are you cancelling?","1779390","You need to stop increasing the price on long time users.","Constant price rise / increase"
"Why are you cancelling?","1779389","You raise prices and nothing is new. Nothing new.","Constant price rise / increase"
"Why are you cancelling?","1779388","You raised the price","Constant price rise / increase"
"Why are you cancelling?","1779387","You raised your price almost 50%. I also don�t like the fact that you offer the price I used to pay once I tried to cancel. Shady!","Corporate greed / taking advantage of customers"
"Why are you cancelling?","1779387","You raised your price almost 50%. I also don�t like the fact that you offer the price I used to pay once I tried to cancel. Shady!","Constant price rise / increase"
"Why are you cancelling?","1779386","You raised your prices again","Constant price rise / increase"
"Why are you cancelling?","1779385","You want to charge me for my kids using MY subscription, how is that even fair?","Object to family/household restriction"
"Why are you cancelling?","1779384","You're being greedy at every opportunity and I won't support it","Corporate greed / taking advantage of customers"
"Why are you cancelling?","1779383","You're being greedy. If you cared about us, you wouldn't keep hiking up prices that were high to begin with. You'll only understand what this means when enough of us leave. ","Corporate greed / taking advantage of customers"
"Why are you cancelling?","1779382","You're not going to allow family sharing","Object to family/household restriction"
"Why are you cancelling?","1779381","You�re just greedy","Corporate greed / taking advantage of customers"
"Why are you cancelling?","1779380","Your charging for sharing. ""SHARING IS CARING!!""","Object to sharing restrictions"
"Why are you cancelling?","1779379","Your company has far too many price increases. It seems like year after year or bi-annually you are increasing prices. Too much. I�ll consider other entertaining options.","Prefer competition"
"Why are you cancelling?","1779379","Your company has far too many price increases. It seems like year after year or bi-annually you are increasing prices. Too much. I�ll consider other entertaining options.","Constant price rise / increase"
"Why are you cancelling?","1779378","Your constant price creep is why. I keep paying more for less. I'm done.","Constant price rise / increase"
"Why are you cancelling?","1779377","your corporate greed","Corporate greed / taking advantage of customers"
"Why are you cancelling?","1779376","Your new price system and raised rates are not workable for me","Constant price rise / increase"
"Why are you cancelling?","1779375","Your price change buggin","Constant price rise / increase"
"Why are you cancelling?","1779374","your price hikes are absurd","Constant price rise / increase"
"Why are you cancelling?","1779373","Your price is just not worth keeping anymore especially with the pop up currently shoves iny face forcing me to make a choice for the more expensive subscription. So you lost a subscriber have a nice life","Too expensive"
"Why are you cancelling?","1779372","Your pricing is terrible. You keep increasing prices and the addition of sharing charges is greedy.","Object to sharing restrictions"
"Why are you cancelling?","1779372","Your pricing is terrible. You keep increasing prices and the addition of sharing charges is greedy.","Corporate greed / taking advantage of customers"
"Why are you cancelling?","1779372","Your pricing is terrible. You keep increasing prices and the addition of sharing charges is greedy.","Constant price rise / increase"
"Why are you cancelling?","1779371","Your profits are up and you're *raising* my price? Are you kidding me?","Constant price rise / increase"
"Why are you cancelling?","1779370","Your rates are higher than others who do the same thing","Prefer competition"
"Why are you cancelling?","1779370","Your rates are higher than others who do the same thing","Too expensive"
"Why are you cancelling?","1779369","Your stupid price hike again","Constant price rise / increase"